English,Original,Seq2Seq,Attention
ekdaala,একডালা,একদালা,একডালা
neture,নেচার,নেট্রু,নেচার
zogina,যোগিনা,জোগিনা,যোগিনা
konistha,কনিষ্ঠা,কনিস্থা,কনিষ্ঠা
ssutkee,শুঁটকি,সুতটিকে,শুঁটকি
notpyaad,নোটপ্যাড,নপট্যাড,নোটপ্যাড
espinoza,এস্পিনোজা,এসপিনোজা,এস্পিনোজা
zooni,যোনী,জুনি,যোনী
otro,অত্র,ওট্রো,অত্র
bender,বেনদের,বেন্ডের,বেনদের
sachakita,সচকিত,সচাকিতা,সচকিত
ojante,অজান্তে,ওজন্তে,অজান্তে
sooreser,সুরেশের,সুরেসের,সুরেশের
prastutkarakra,প্রস্তুতকারকরা,প্রস্তুতকরকরা,প্রস্তুতকারকরা
kaamottejakatattw,কামোত্তেজকতত্ত্ব,কামত্যেজকাতত্ত্ব,কামোত্তেজকতত্ত্ব
infraconstruction,ইনফ্রাকন্সট্রাশন,ইনফ্রাক্রস্্্ক্নিয়ান,ইনফ্রাকন্সট্রাশন
aishalyandika,আইসল্যান্ডিক,ঐশীল্যদি্কা,আইসল্যান্ডিক
jayagaan,জয়গান,জয়াগান,জয়গান
colleaguedero,কলিগদেরও,কলিগাজেরও,কলিগদেরও
shocieti,সোসাইটি,শোসিটি,সোসাইটি
aisalyandika,আইসল্যান্ডিক,আশৈল্যান্ডিকা,আইসল্যান্ডিক
ekkosi,এককোষী,এককসি,এককোষী
msi,এমএসআই,এমএসএি,এমএসআই
mantragulote,মন্ত্রগুলোতে,মান্ত্রগুলোতে,মন্ত্রগুলোতে
basing,ওয়াশিং,বাসিং,ওয়াশিং
laan,লোন,লান,লোন
prostutkarakder,প্রস্তুতকারকদের,প্রস্তুতকরককের,প্রস্তুতকারকদের
mausumi,মৌসুমি,মৌসুমী,মৌসুমি
cathode,ক্যাথোড,ক্যাথোডেড,ক্যাথোড
chuqri,কুকরী,চুক্রি,কুকরী
nadirr,নদীর,নাদরির,নদীর
bosantapur,বসন্তপুর,বোসন্তপুর,বসন্তপুর
nabaabago,নবাবগো,নাবাবাগো,নবাবগো
bolteyi,বলতেই,বলটেই,বলতেই
prostutkaroker,প্রস্তুতকারকের,প্রস্তুতকারের,প্রস্তুতকারকের
saphalyao,সাফল্যও,সাফল্যাও,সাফল্যও
natureview,নাটুরেভিউ,নাতুরভিউ,নাটুরেভিউ
morrel,মোরেল,মররেল,মোরেল
jatgoolo,জাতগুলো,যাতগুলো,জাতগুলো
paiqa,পাইক,পাইকা,পাইক
elaakaasomuho,এলাকাসমূহ,এলাকাসসমূহ,এলাকাসমূহ
baanaabe,বানাবে,বানবে,বানাবে
jauhari,জৌহরি,জওহারি,জৌহরি
pratipad,প্রতিপদ,প্রতিপাদ,প্রতিপদ
boca,বোকা,বকা,বোকা
afreen,আফ্রীন,আফ্রিন,আফ্রীন
zuktaraajyabyaapee,যুক্তরাজ্যব্যাপী,যুক্তরর্যব্যবপী,যুক্তরাজ্যব্যাপী
bidyutkendragulote,বিদ্যুৎকেন্দ্রগুলোতে,বিদ্যুতকেন্দ্রগুলোতে,বিদ্যুৎকেন্দ্রগুলোতে
ileekashana,ইলেকশন,ইলিকশন,ইলেকশন
sundar,সুন্দার,সুন্দর,সুন্দার
magan,মাগন,মাগান,মাগন
bhanasaali,ভনসালি,ভনসাালি,ভনসালি
kolajeena,কোলাজেন,কোলাজিনা,কোলাজেন
developmenterao,ডেভেলপমেন্টেরও,ডেভলেপমেন্টেরা,ডেভেলপমেন্টেরও
wagh,ওয়াঘ,ওয়াগে,ওয়াঘ
rokomer,রকমের,রোমের,রকমের
indush,ইন্দাস,ইন্দুশ,ইন্দাস
kolingwood,কলিংউড,কলিংউউড,কলিংউড
braujare,ব্রাউজারে,ব্রৌজারে,ব্রাউজারে
bolten,বলতেন,বোল্টেন,বলতেন
novojaner,নভোযানের,নভজানের,নভোযানের
gables,গাব্লেস,গ্যাবলস,গাব্লেস
chalochchitre,চলচ্চিত্রে,চালোচ্চিত্রে,চলচ্চিত্রে
bosobaasroto,বসবাসরত,বসবাস্বরত,বসবাসরত
atitke,অতীতকে,অতিতকে,অতীতকে
ptalemy,টলেমি,প্যাটেলি,টলেমি
rashi,রশি,রাশি,রশি
antu,অন্তু,আন্টু,অন্তু
prakalpasamuho,প্রকল্পসমূহ,প্রকালপাসমূহ,প্রকল্পসমূহ
anant,অনন্ত,অনান্ট,অনন্ত
tangirala,টঙিরলা,তাঙ্গীরালা,টঙিরলা
seekkha,শিক্ষা,সিক্ষা,শিক্ষা
kkundo,কুন্ড,কুন্ডো,কুন্ড
etasab,এতসব,এতাসব,এতসব
electricals,ইলেকট্রিক্যালস,ইলেকট্রিক্যালসহ,ইলেকট্রিক্যালস
beelaphasta,বেলফাস্ট,বেলাফাস্তা,বেলফাস্ট
shikshaksaha,শিক্ষকসহ,শিক্ষসসহ,শিক্ষকসহ
juktorashtro,যুক্তরাষ্ট্র,যুক্তরার্ষ্র,যুক্তরাষ্ট্র
pubik,পিউবিক,পুবিক,পিউবিক
sharvar,সার্ভার,শারভার,সার্ভার
gatibeger,গতিবেগের,গাতিবেগের,গতিবেগের
ancholgulo,অঞ্চলগুলো,আঞ্চলগুলো,অঞ্চলগুলো
buckley,বুকলি,বাকলি,বুকলি
anand,অনন্দ,আনানদ,অনন্দ
advutbhabe,অদ্ভুতভাবে,আদ্ভুৎভাবে,অদ্ভুতভাবে
sclerasis,স্ক্লেরোসিস,স্ক্লেরাসিস,স্ক্লেরোসিস
corporatione,করপোরেশনে,কর্পোরেশনে,করপোরেশনে
khalashii,খালাসী,খালাশি,খালাসী
sheqond,সেকেন্ড,শেকন্ড,সেকেন্ড
baasastyandamukhee,বাসস্ট্যান্ডমুখী,বাসস্ত্যদ্্মমুখী,বাসস্ট্যান্ডমুখী
chhanu,ছানির,ছানু,ছানির
arthabachari,অর্থবছরই,অর্থবাচারী,অর্থবছরই
shikshako,শিক্ষকও,শিক্ষকো,শিক্ষকও
chhalichha,ছালিছ,ছালিছা,ছালিছ
acider,অ্যাসিডের,এসিডের,অ্যাসিডের
khajuraho,খাজুরাহো,খাজুরাহ,খাজুরাহো
vetarataa,ভেতরটা,ভেটারাটা,ভেতরটা
bibhrantikar,বিভ্রান্তিকর,বিভ্রান্তিকার,বিভ্রান্তিকর
bristol,ব্রিস্টল,ব্রিসটল,ব্রিস্টল
mohishy,মহিষী,মোহিষি,মহিষী
koraanapantheeder,কোরানপন্থীদের,করানপপাথীদের,কোরানপন্থীদের
injiniyara,ইঞ্জিনিয়ার,ইনজিনিয়ারা,ইঞ্জিনিয়ার
bhorke,ভরকে,ভররকে,ভরকে
kormokandoi,কর্মকাণ্ডই,কর্মকান্ডই,কর্মকাণ্ডই
dizit,ডিজিট,দিজিৎ,ডিজিট
shelphish,সেলফিস,শেলফিশ,সেলফিস
maggite,ম্যাগিতে,ম্যাজি,ম্যাগিতে
dokkhin,দক্ষিন,দক্ষিণ,দক্ষিন
porjotoko,পর্যটকও,পর্যটক,পর্যটকও
swalpata,স্বল্পতা,স্বলপাতা,স্বল্পতা
korme,কর্মে,করমে,কর্মে
aatmik,আত্মিক,আটমিক,আত্মিক
uthalpathal,উথালপাথাল,উঠালপালা,উথালপাথাল
fitnessbiheen,ফিটনেসবিহীন,ফিটনসেবিহীন,ফিটনেসবিহীন
bhugoler,ভূগোলের,ভূগলের,ভূগোলের
sarbajan,সর্বজন,সরবাজন,সর্বজন
haadichaachaa,হাড়িচাচা,হাডিচাচা,হাড়িচাচা
pokhher,পক্ষের,পোখের,পক্ষের
maasuddujjaamaan,মাসুদ্দুজ্জামান,মসসুদুদ্জজামান,মাসুদ্দুজ্জামান
governer,গভর্ণর,গভর্নের,গভর্ণর
dalmia,ডালমিয়া,ডালিময়া,ডালমিয়া
etodin,এতোদিন,এতদিন,এতোদিন
icelander,আইসল্যান্ডের,আইসেল্যান্ডের,আইসল্যান্ডের
kar,কার,করর,কার
agomon,আগমন,আ্যাগমন,আগমন
byabasthaapanaay,ব্যবস্থাপনায়,ব্যবস্থাপনয়,ব্যবস্থাপনায়
padunahswaadheenataa,পড়ুনঃস্বাধীনতা,পদুনঃস্বহননত,পড়ুনঃস্বাধীনতা
kosovo,কসোভো,কসভো,কসোভো
shashok,শাষক,শাসক,শাষক
porichhonno,পরিচ্ছন্ন,পরিচন্ন,পরিচ্ছন্ন
karmokandoi,কর্মকাণ্ডই,কর্মকণ্ডই,কর্মকাণ্ডই
shpell,স্পেল,শ্পেল,স্পেল
naitthak,নাইটথাক,নাইথকা,নাইটথাক
beerjobaan,বীর্যবান,বীরজববান,বীর্যবান
chetanaay,চেতনায়,চেতনয়,চেতনায়
gillette,জিলেট,গিলেটে,জিলেট
merechhen,মেরেছেন,মেরেছ্ছেন,মেরেছেন
pareekshaarthee,পরীক্ষার্থী,পরিক্ষার্থী,পরীক্ষার্থী
brake,ব্রেক,ব্রাকে,ব্রেক
jeelanir,জিলানীর,জিলানির,জিলানীর
pushka,পুষ্ক,পুশকা,পুষ্ক
bonapart,বোনাপার্ট,বনপার্ট,বোনাপার্ট
magana,মগ্ন,মাগানা,মগ্ন
shrenikoron,শ্রেণীকরণ,শ্রেণিকরণ,শ্রেণীকরণ
casey,কাসে,কেসে,কাসে
farmer,ফার্মের,ফার্মার,ফার্মের
janosomaabesh,জনসমাবেশ,জনসমাবশেষ,জনসমাবেশ
saleem,সালেম,সালিম,সালেম
bongobondhke,বঙ্গবন্ধুকে,বঙ্গবন্ধকে,বঙ্গবন্ধুকে
gyaraj,গ্যারাজ,জ্ঞারাজ,গ্যারাজ
raasoolullaah,রাসূলুল্লাহ্,রাসৌলুল্লাহ,রাসূলুল্লাহ্
khappore,খপ্পরে,খাপ্পোরে`````````````,খপ্পরে
sedikeow,সেদিকেও,সেদিকিও,সেদিকেও
uponeeshode,উপনিষদে,উপনীষদে,উপনিষদে
ganabidhwongsi,গণবিধ্বংসী,গণবিধ্বনসী,গণবিধ্বংসী
bateekrom,ব্যতিক্রম,বাতিক্রম,ব্যতিক্রম
yonii,যোনী,যয়নি,যোনী
shreshthatwabaadeeder,শ্রেষ্ঠত্ববাদীদের,শ্রেষ্ঠাত্বাবদের,শ্রেষ্ঠত্ববাদীদের
samashtir,সমষ্টির,সমস্টির,সমষ্টির
anannata,অনন্যতা,অনন্নত,অনন্যতা
torres,তোর্রেস,টররস,তোর্রেস
aujanta,অজন্তা,ওজন্টা,অজন্তা
vromoner,ভ্রমনের,ভ্রমণের,ভ্রমনের
shivpuri,শিবপুরি,শিবপুরী,শিবপুরি
kirtikey,কীর্তিকে,কীরটিকে,কীর্তিকে
ponjikaa,পঞ্জিকা,পোনজিকা,পঞ্জিকা
jonosonjoger,জনসংযোগের,জনসনযোগের,জনসংযোগের
deleon,দেলেওন,ডেলিওন,দেলেওন
staliner,স্টালিনের,স্ট্লাইনের,স্টালিনের
shommotee,সম্মতি,শম্মতি,সম্মতি
multimedia,মাল্টিমিডিয়া,মুল্টিমিডিয়া,মাল্টিমিডিয়া
theme,থিম,থামে,থিম
morales,মোরাল্স্,মোরালেস,মোরাল্স্
malayeeshiya,মালয়েশিয়া,মালয়েশীয়,মালয়েশিয়া
ehoramer,ইহরামের,এহরামের,ইহরামের
soorir,সুরির,সুরীর,সুরির
bhabnao,ভাবনাও,ভবনাও,ভাবনাও
varghese,ভরঘেসে,ভার্ঘেসে,ভরঘেসে
prince,প্রিন্স,প্রান্স,প্রিন্স
obheeneta,অভিনেতা,ওভিনেতা,অভিনেতা
hercules,হেরকুলেস,হার্কুলেস,হেরকুলেস
rakamer,রকমের,রাকামের,রকমের
bhasaaro,ভাষারও,ভাসারও,ভাষারও
botuta,বতুতা,বোুটা,বতুতা
raameli,রামেলি,রামেলী,রামেলি
avivaabakaraa,অভিভাবকরা,অভিভাবকারা,অভিভাবকরা
priyadarshi,প্রিয়দর্শী,প্রিয়াদশরী,প্রিয়দর্শী
chaangaa,চাঙ্গা,ছাঙ্গা,চাঙ্গা
jeelaneer,জিলানীর,জীলানীর,জিলানীর
thakteyi,থাকতেই,ঠাকতেই,থাকতেই
bhansali,ভানসালি,ভনসসালি,ভানসালি
monhpoota,মনঃপূত,মনহপুতা,মনঃপূত
fisa,ফিস,ফিসা,ফিস
such,সূঁচ,সুচ,সূঁচ
zuktipoornabhaabe,যুক্তিপূর্ণভাবে,যুক্তিপর্ণভাবে,যুক্তিপূর্ণভাবে
jalpaiguri,জলপাইগুরি,জলপাইগুুরি,জলপাইগুরি
railway,রেলওয়ে,রেইল্য়ে,রেলওয়ে
bente,বেঁটে,বেন্তে,বেঁটে
iizotop,আইসোটোপ,আইজোটপ,আইসোটোপ
ranakhetre,রণক্ষেত্রে,রণখেত্রে,রণক্ষেত্রে
enginiir,ইঞ্জিনিয়ার,ইঞ্জিনির,ইঞ্জিনিয়ার
vata,ভাতা,ভাটা,ভাতা
guntur,গুন্তুর,গুন্টুর,গুন্তুর
bayaane,বয়ানে,বায়ানে,বয়ানে
desabathula,দেসাবাথুলা,দেবাবথুলা,দেসাবাথুলা
durgey,দুর্গে,দূর্গে,দুর্গে
obhinetader,অভিনেতাদের,ওভিনেতাদের,অভিনেতাদের
ichchhemoto,ইচ্ছেমত,ইছ্ছিমত,ইচ্ছেমত
jarvis,জারভিস,জার্ভিস,জারভিস
jansanke,জনসনকে,জানসনকে,জনসনকে
virodhdhey,বিরোদ্ধে,বিরোধ্ধে,বিরোদ্ধে
averest,এভারেস্ট,অভেরেস্ট,এভারেস্ট
noble,নোবেল,নবল,নোবেল
biruddhaacharanakaareeder,বিরুদ্ধাচরণকারীদের,বিরুদ্ধচরাকররীয়ের,বিরুদ্ধাচরণকারীদের
beshirbhaager,বেশিরভাগের,বেশীরভাগের,বেশিরভাগের
artemis,আর্টেমিস,আরতেমিস,আর্টেমিস
samrater,সম্রাটের,সামরাতের,সম্রাটের
chaturvedi,চতুরবেদী,চতুর্েেদি,চতুরবেদী
doie,দৈ,ডয়ে,দৈ
taki,তাকি,টাকি,তাকি
nirosh,নিরস,নিরোষ,নিরস
shakkhat,সাক্ষাৎ,শাক্ষতত,সাক্ষাৎ
taaki,তাকি,টাকি,তাকি
plateti,প্লেটটি,প্লাটেটি,প্লেটটি
taayaalaar,তায়ালার,টায়ালার,তায়ালার
oshlilotar,অশ্লীলতার,অশ্লিলতার,অশ্লীলতার
beeramuktiyuddha,বীরমুক্তিযুদ্ধ,বেমরামুক্তিদ্ধ,বীরমুক্তিযুদ্ধ
banaparte,বোনাপার্ট,বানাপার্টে,বোনাপার্ট
koncheer,কঞ্চির,কনচির,কঞ্চির
onlee,ওনলি,অনলি,ওনলি
sahinsatake,সহিংসতাকে,সহিনস্তাকে,সহিংসতাকে
quraishi,কোরেশী,কুরাইশি,কোরেশী
shikkhaabyabasthaatike,শিক্ষাব্যবস্থাটিকে,শিক্ষাব্যস্থাটটিকে,শিক্ষাব্যবস্থাটিকে
titler,টাইটেলের,টিটলারের,টাইটেলের
rodrigej,রদ্রিগেজ,রড্রিজেজ,রদ্রিগেজ
bivrat,বিভ্রাট,বিভ্রাত,বিভ্রাট
haute,হাউতে,হাউটে,হাউতে
indraprastha,ইন্দ্রপ্রস্থ,ইন্দ্রপ্রস্থা,ইন্দ্রপ্রস্থ
dip,দ্বীপ,ডিপ,দ্বীপ
thakteo,থাকতেও,ঠাকতেও,থাকতেও
rampur,রম্পুর,রামপুর,রম্পুর
viveker,বিবেকের,ভিভেকের,বিবেকের
durbasa,দুর্বাসা,দুরবাসা,দুর্বাসা
banduker,বন্দুকের,বন্ডুকের,বন্দুকের
kiran,কিরান,কিরন,কিরান
janajaag,জনজাগ,জানাজাগ,জনজাগ
gomveera,গম্ভীরা,গমভীরা,গম্ভীরা
aaphsaarii,আফসারী,আফসারি,আফসারী
tre,ট্রে,ত্রে,ট্রে
sabhaashaleeta,সভাস্হলীত,সভাশলীত,সভাস্হলীত
samataler,সমতলের,সামাতলের,সমতলের
smarokgrantha,স্মারকগ্রন্থ,স্মরকগ্রা্্যা,স্মারকগ্রন্থ
cheitanyamekang,চৈতন্যমেকং,চেইনাত্মেকাং,চৈতন্যমেকং
barancho,বরঞ্চ,বারাঁ্চ,বরঞ্চ
quartergulote,কোয়ার্টারগুলোতে,কার্টারগুলোতে,কোয়ার্টারগুলোতে
breaqing,ব্রেকিং,ব্রিকিং,ব্রেকিং
south,সাউথ,সৌথ,সাউথ
shalim,সালিম,শালিম,সালিম
lasta,লাস্ট,লাস্টা,লাস্ট
avidhaan,অভিধান,অবিধান,অভিধান
yoni,যোনী,য়নি,যোনী
dokaankey,দোকানকে,ডোকানকে,দোকানকে
monjoorer,মঞ্জুরের,মঞ্জরের,মঞ্জুরের
somonnito,সমন্বিত,সমন্নিত,সমন্বিত
apakarm,অপকর্ম,অপকার্ম,অপকর্ম
ouddhotter,ঔদ্ধত্যের,ঔদ্ধত্বের,ঔদ্ধত্যের
proteestha,প্রতিষ্ঠা,প্রতিস্থা,প্রতিষ্ঠা
guineatey,গিনিতে,গুইনিটে,গিনিতে
chyetim,চ্যাটিং,চ্যেটিং,চ্যাটিং
jodhpur,যোধপুর,যোধপুরের,যোধপুর
shomomona,সমমনা,শমমোনা,সমমনা
qanabharsana,কনভার্সন,কানাভর্সন,কনভার্সন
teja,তেজ,তেজা,তেজ
sivasagar,শিবসাগর,শিবাসগর,শিবসাগর
styrolution,স্টিরোলুশন,স্টারোলিশন,স্টিরোলুশন
soocieti,সোসাইটি,সুসিটি,সোসাইটি
netrojena,নাইট্রোজেন,নেত্রোজেনা,নাইট্রোজেন
yanam,য়নম,যানাম,য়নম
phalls,ফলস,ফালস,ফলস
othano,ওঠানো,অঠানো,ওঠানো
abhizuktake,অভিযুক্তকে,অভিযুক্তাকে,অভিযুক্তকে
demockratic,ডেমোক্র্যাটিক,ডেমকর্টিক,ডেমোক্র্যাটিক
graham,গ্রহম,গ্রহহ,গ্রহম
shivastava,শিবস্তব,শিবস্তত,শিবস্তব
hajareebag,হাজারীবাগ,হাজরিবাগ,হাজারীবাগ
nadnadi,নদনদী,নদনাদি,নদনদী
ahijake,অহিযকে,আহিজাকে,অহিযকে
fuentes,ফুয়েন্টেস,ফিউন্টেস,ফুয়েন্টেস
jonosomabesh,জনসমাবেশ,জনসমাবশেষ,জনসমাবেশ
raj,রাজ,রজ,রাজ
shikshakera,শিক্ষকেরা,শিক্সকেরা,শিক্ষকেরা
tinso,তিনশ,তিনসো,তিনশ
wells,ওয়েলস,ওয়েল্স,ওয়েলস
stein,স্টেইন,স্টিইন,স্টেইন
gangtok,গ্যাংটোক,গ্যাংটক,গ্যাংটোক
ps,পিএস,পিএসএ,পিএস
lohaanii,লোহানী,লোহানি,লোহানী
sibdash,শিবদাস,সিবদাশ,শিবদাস
doohate,দুহাতে,দৌহাতে,দুহাতে
mukhyamant,মুখ্যমন্ত্,মুখ্যমন্ত,মুখ্যমন্ত্
ratnagiri,রত্নাগিরি,রত্নগিরি,রত্নাগিরি
orijinal,অরিজিনাল,ওরিজিনাল,অরিজিনাল
saarkaase,সার্কাসে,সারকাসে,সার্কাসে
rockomer,রকমের,রককামের,রকমের
louis,লুইস,লুউস,লুইস
ginir,গিনির,জিনির,গিনির
ghurapaak,ঘুরপাক,ঘুরাপাক,ঘুরপাক
bishwabidyaalaye,বিশ্ববিদ্যাালয়ে,বিশ্ববিদ্যালয়ে,বিশ্ববিদ্যাালয়ে
moreno,মোরেনো,মরেনো,মোরেনো
vager,ভাগের,ভ্যাগার,ভাগের
seekkhoker,শিক্ষকের,সীক্ষকের,শিক্ষকের
janglee,জংলী,জাঙ্গলি,জংলী
shillong,শিলং,শিল্লং,শিলং
uvachar,উভচর,উভাচার,উভচর
arthabacharai,অর্থবছরই,অর্থবচররাই,অর্থবছরই
uchchataay,উচ্চতায়,উচ্ছতায়,উচ্চতায়
duar,দুয়ার,ডুয়ার,দুয়ার
satarkotamulok,সতর্কতামূলক,সাতর্কতামূলক,সতর্কতামূলক
vutude,ভুতুড়ে,ভুটুডে,ভুতুড়ে
nathdwara,নাথদ্বারা,নথ্ডবারা,নাথদ্বারা
akkhargulo,অক্ষরগুলো,আক্ষরগুলো,অক্ষরগুলো
phirishtaara,ফিরিশতারা,ফিরিস্টার,ফিরিশতারা
chandernagore,চান্দের্নাগোরে,চন্দেরনগরে,চান্দের্নাগোরে
prashangsaneeya,প্রশংসনীয়,প্রশাসংীয়,প্রশংসনীয়
kushalappa,কুশালাপ্পা,কুশলপাপ্পা,কুশালাপ্পা
dweepti,দ্বীপটি,দ্বীপ্তি,দ্বীপটি
sanghi,সানঘি,সঙ্গি,সানঘি
aachaarjao,আচার্যও,আচার্যাও,আচার্যও
malviya,মলভিয়া,মালভিয়া,মলভিয়া
arigin,অরিজিন,আরিজিন,অরিজিন
bhroongulike,ভ্রূণগুলিকে,ভ্রণগুলিকে,ভ্রূণগুলিকে
dalton,দালতন,ডাল্টন,দালতন
poorohit,পুরোহিত,পরহহিত,পুরোহিত
piret,পিরেত,পিরেট,পিরেত
livermore,লিভারমোর,লিভার্মোর,লিভারমোর
evanston,এভানস্টোন,এভান্স্টন,এভানস্টোন
taamaasha,তামাশা,টমশা,তামাশা
goona,গোনা,গুনো,গোনা
bangoposagarer,বঙ্গোপসাগরের,বঙ্গোসসাগরের,বঙ্গোপসাগরের
parenni,পারেননি,পারেন্নি,পারেননি
parikalpanakaareeder,পরিকল্পনকারীদের,পরীকল্পনাকরীদের,পরিকল্পনকারীদের
officergan,অফিসারগণ,অফিসার্গন,অফিসারগণ
temone,তেমনে,টেমনে,তেমনে
maatriganake,মাতৃগণকে,মাতৃগণগাকে,মাতৃগণকে
taateyi,তাতেই,তাতে,তাতেই
diut,ডিউট,ডাউট,ডিউট
aligali,অলিগলি,আলিগালি,অলিগলি
moli,মলি,মোলি,মলি
ksamatadhor,ক্ষমতাধর,ক্ষমতারধধর,ক্ষমতাধর
amreli,এমরেলি,আমরেলী,এমরেলি
nootapyada,নোটপ্যাড,নোটাপ্যাড়া,নোটপ্যাড
chalachchitratite,চলচ্চিত্রটিতে,চলচ্চিত্রাটিতে,চলচ্চিত্রটিতে
kansas,ক্যানসাস,কানসাস,ক্যানসাস
usake,উসকে,উসাকে,উসকে
parlara,পার্লার,পারলারা,পার্লার
sthaponayi,স্থাপনাই,স্থাপনায়ী,স্থাপনাই
destrayer,ডেস্ট্রয়ার,ডেস্ট্রায়ের,ডেস্ট্রয়ার
pio,পিও,পিওও,পিও
biswajude,বিশ্বজুড়ে,বিস্বজুদে,বিশ্বজুড়ে
sarakaaradaleey,সরকারদলীয়,সরকারাদলী,সরকারদলীয়
porterville,পোর্টারভিলে,পরর্টারভিল,পোর্টারভিলে
deshao,দেশও,দেশাও,দেশও
aadhaghantaa,আধঘণ্টা,আধাঘনটা,আধঘণ্টা
thyrotechno,থাইরোটেকনো,থারোতেকনন,থাইরোটেকনো
horin,হরিণ,হরিন,হরিণ
unnayane,উন্নয়নে,উন্নায়ে,উন্নয়নে
samratkey,সম্রাটকে,সমরতাকে,সম্রাটকে
pounchhaanokei,পৌঁছানোকেই,পৌনচানোকেই,পৌঁছানোকেই
anuzaayee,অনুযায়ী,অনুজায়ী,অনুযায়ী
jajoo,জজূ,যাজো,জজূ
rachee,রাঁচি,রাচি,রাঁচি
recon,রেচন,রিকন,রেচন
byatikramo,ব্যতিক্রমও,ব্যাটিক্রম,ব্যতিক্রমও
east,ইস্ট,ইএএসটি,ইস্ট
nowdaa,নওদা,নোডাা,নওদা
bihari,বিহারি,বিহারী,বিহারি
boss,বস,বোস,বস
tarunder,তরুনদের,তরুন্দর,তরুনদের
gandhi,গান্ধী,গান্ধি,গান্ধী
clara,ক্লারা,ক্ল্যার,ক্লারা
banker,বাংকার,ব্যাঙ্কের,বাংকার
aaksheper,আক্ষেপের,আকশশেপের,আক্ষেপের
rodreegez,রদ্রিগেজ,রোডিরিজ,রদ্রিগেজ
motanusare,মতানুসারে,মোতানুসারে,মতানুসারে
bisheshaggo,বিষেশজ্ঞ,বিশেষাগ্য,বিষেশজ্ঞ
nabha,নাভা,নব,নাভা
bamoner,বামনের,ব্যামনের,বামনের
chhih,ছিঃ,ছিহ,ছিঃ
dwip,দ্বীপ,দ্বিপ,দ্বীপ
roover,রোভার,রুভার,রোভার
shommot,সম্মত,শম্মট,সম্মত
goshthigulor,গোষ্ঠীগুলোর,গোষ্ঠিগুলোর,গোষ্ঠীগুলোর
shaiphara,সাইফার,শাইফার,সাইফার
karmokander,কর্মকাণ্ডের,কর্মকান্দের,কর্মকাণ্ডের
karkhele,কার্খেলে,কারখেলে,কার্খেলে
taakaatei,তাকাতেই,টাকাতেই,তাকাতেই
requisition,রিকুইজিশন,রিকিউশিশন,রিকুইজিশন
mails,মাইলস,মেইলস,মাইলস
mudraaneeti,মুদ্রানীতি,মুদ্রাণীতি,মুদ্রানীতি
nekshata,নেক্সট,নেকশাটা,নেক্সট
malayeshiya,মালয়েশিয়া,মালয়েশীয়,মালয়েশিয়া
prajanmagulo,প্রজন্মগুলো,প্রজনমগুলো,প্রজন্মগুলো
godamghar,গুদামঘর,গোদামঘার,গুদামঘর
dranaje,ড্রেনেজ,দ্রানাজে,ড্রেনেজ
perryir,পেরির,পেরিয়ার,পেরির
halall,হালাল,হললাল,হালাল
samoshtir,সমষ্টির,সমস্টির,সমষ্টির
graamagulotei,গ্রামগুলোতেই,গ্রামাগুলোতেই,গ্রামগুলোতেই
oracle,ওরাকলে,অরাকল,ওরাকলে
khelaryo,খেলারও,খেলার্য,খেলারও
knowledje,নলেজ,ক্নওলেজ্জে,নলেজ
ridge,আরআইডিজিই,রিডেজ,আরআইডিজিই
shilpaguloteo,শিল্পগুলোতেও,শিল্পাগুলোতেও,শিল্পগুলোতেও
bonjongol,বনজঙ্গলে,বনজঙ্গল,বনজঙ্গলে
ayamino,অ্যামিনো,অ্যামিনি,অ্যামিনো
omar,অমর,ওমার,অমর
gobhonor,গভর্ণর,গভনর,গভর্ণর
madraje,মাদ্রাজে,মাদরাজে,মাদ্রাজে
arijan,অরিজিন,অরিজান,অরিজিন
sohojlovyota,সহজলভ্যতা,সহজল্যভাতা,সহজলভ্যতা
raayahaanaao,রায়হানাও,রায়াহাও,রায়হানাও
daabeet,দাবীত,ডাবিট,দাবীত
ispahanee,ইস্পাহানী,ইস্পাহানে,ইস্পাহানী
johns,জোন্স,জেন্স,জোন্স
birodheetaa,বিরোধীতা,বিরোধিতা,বিরোধীতা
pikasso,পিকাসো,পিকাশো,পিকাসো
ekkhondo,একখণ্ড,একখন্ড,একখণ্ড
ramon,রমোন,রামন,রমোন
doonald,ডোনাল্ড,ডুনাল্ড,ডোনাল্ড
madden,মদ্দেন,ম্যাডেেন,মদ্দেন
voltea,ভল্টে,ভল্টি,ভল্টে
agaman,আগমন,আগামন,আগমন
haalishohore,হালিশহরে,হালিশহর,হালিশহরে
kashyap,কাশ্যপ,কাশ্যাপ,কাশ্যপ
maanale,মানলে,মানালে,মানলে
chandler,চন্দলের,চ্যান্ডলার,চন্দলের
tafshire,তাফসীরে,তফশিরে,তাফসীরে
dharakey,ধারাকে,ধরাকে,ধারাকে
hajipur,হজিপুর,হাজিপুর,হজিপুর
maheenda,মাহিন্দা,মহেন্দ,মাহিন্দা
liphlet,লিফলেট,লাইফলেট,লিফলেট
buh,বুহ,বাহ,বুহ
michiley,মিছিলে,মিচিলে,মিছিলে
osleelota,অশ্লীলতা,অসলিলতা,অশ্লীলতা
vandari,ভাণ্ডারী,ভান্ডারি,ভাণ্ডারী
masjidtitey,মসজিদটিতে,মাসজিদটিতে,মসজিদটিতে
moortikalpanaa,মূর্তিকল্পনা,মোর্তিকল্পনা,মূর্তিকল্পনা
dearborn,ডিয়ারবর্ন,ডারবর্ন,ডিয়ারবর্ন
bhasar,ভাষার,ভাসার,ভাষার
sevagram,সেভাগ্রাম,সেবাগ্রাম,সেভাগ্রাম
zavala,জভল,জাভালা,জভল
raktamaakhaa,রক্তমাখা,রক্তমখা,রক্তমাখা
trinidader,ত্রিনিদাদের,তৃণীদাদের,ত্রিনিদাদের
ipla,আইপিএলে,ইপ্লা,আইপিএলে
dongshoner,দংশনের,ডংশনের,দংশনের
mist,মিষ্ট,মিস্ট,মিষ্ট
sadasyogan,সদস্যগন,সদস্যগণ,সদস্যগন
age,এইজ,অ্যাজে,এইজ
karamot,কারামত,কারামট,কারামত
dutta,দত্ত,দুত্তা,দত্ত
kingdom,কিংডমের,কিংডম,কিংডমের
guder,গুদের,গুডের,গুদের
khatoon,খতূন,খাতুন,খতূন
purbe,পূর্বে,পূরবে,পূর্বে
kuntir,কুন্তীর,কুন্টির,কুন্তীর
finserv,ফিনসার্ভ,ফিনসের্ভ,ফিনসার্ভ
udbhijjo,উদ্ভিজ্জ,উদ্ভিজ্ঞ,উদ্ভিজ্জ
bagdatta,বাগদত্তা,বাগদাতা,বাগদত্তা
biplobikey,বিপ্লবীকে,বিপ্লবিকে,বিপ্লবীকে
tahale,তাহলে,তাহালে,তাহলে
santan,সনাতন,সন্তান,সনাতন
niraanando,নিরানন্দ,নিরাণন্দ,নিরানন্দ
sameecheen,সমীচীন,সমীছিন,সমীচীন
swich,স্যুইচ,সিবিচ,স্যুইচ
shplintar,স্প্লিন্টার,শ্পলিন্টার,স্প্লিন্টার
seekkhake,শিক্ষাকে,সিক্ষাকে,শিক্ষাকে
scleroosis,স্ক্লেরোসিস,স্কালরোসিস,স্ক্লেরোসিস
nachghar,নাচঘর,নাছঘর,নাচঘর
poricchonno,পরিচ্ছন্ন,পরিচন্ন,পরিচ্ছন্ন
anup,আনুপ,অনুপ,আনুপ
ronaalado,রোনালদো,রোনালাদো,রোনালদো
barden,বার্ডেন,বররডেন,বার্ডেন
sikkhok,শিক্ষক,সিক্ষক,শিক্ষক
charja,চার্জ,চার্জা,চার্জ
frisco,ফ্রিস্কো,ফ্রিসকো,ফ্রিস্কো
prochondobhabe,প্রচণ্ডভাবে,প্রচন্ডভাবে,প্রচণ্ডভাবে
samotulya,সমতুল্য,সামোতুল্য,সমতুল্য
prakashona,প্রকাশনা,প্রকাশন,প্রকাশনা
padakkhepatuku,পদক্ষেপটুকু,পদক্ষেতাকুকু,পদক্ষেপটুকু
rangajaatraa,রঙ্গযাত্রা,রাঙ্গাযাত্রা,রঙ্গযাত্রা
raiganj,রায়গঞ্জ,রাইগঞ্জ,রায়গঞ্জ
filipine,ফিলিপাইন,ফাইলিপাইন,ফিলিপাইন
gregori,গ্রেগরি,গ্রেগরী,গ্রেগরি
koibarta,কৈবর্ত,কৈবার্তা,কৈবর্ত
natnee,নাতনী,নাটনি,নাতনী
braunfels,ব্রাউনফেলস,ব্রানফেলস,ব্রাউনফেলস
ekotabaddho,একতাবদ্ধ,একতাবা্ধ,একতাবদ্ধ
malhotra,মলহোত্রা,মালহোত্রা,মলহোত্রা
kapurthala,কপুর্থলা,কাপুরথালা,কপুর্থলা
attabashyak,অত্যাবশ্যক,অত্তবসা্যক,অত্যাবশ্যক
bayakat,বয়কট,বায়াকাত,বয়কট
gosthite,গোষ্ঠীতে,গস্থিতে,গোষ্ঠীতে
haryana,হরিয়ানা,হারিয়ানা,হরিয়ানা
sherwer,সার্ভার,শার্য়ার,সার্ভার
rohasye,রহস্যে,রোহস্যে,রহস্যে
nairajyo,নৈরাজ্য,নাইরাজ্য,নৈরাজ্য
daudaate,দৌড়াতে,ডৌড়াতে,দৌড়াতে
udbignotar,উদ্বিগ্নতার,উদবিজ্ঞাতার,উদ্বিগ্নতার
sultanpur,সুলতানপুর,সুলতনপুরের,সুলতানপুর
foods,ফুডস,ফিউডস,ফুডস
gavaskarer,গাভাস্কারের,গাভাসকারের,গাভাস্কারের
parihar,পরিহার,পারিহার,পরিহার
fortis,ফর্টিস,ফরটিস,ফর্টিস
koroteer,করোটির,করোটীর,করোটির
raakaatasaalaat,রাকাতসালাত,রকাটসালত,রাকাতসালাত
irvine,ইরভিন,আরভিন,ইরভিন
smritisthaanagulo,স্মৃতিস্থানগুলো,স্মৃতিস্থানাগুলো,স্মৃতিস্থানগুলো
natoraj,নটরাজ,নটোরাজ,নটরাজ
haindbook,হ্যান্ডবুক,হাইন্ডবুক,হ্যান্ডবুক
ashlilatar,অশ্লীলতার,আশ্লিলতার,অশ্লীলতার
sirohi,শিরোহি,সিরোহি,শিরোহি
shansthader,সংস্থাদের,শান্থাদের,সংস্থাদের
intaaramet,ইন্টারমেট,ইন্টারাটেম,ইন্টারমেট
kadapa,কড়প,কাড়াপা,কড়প
gopaneeyataar,গোপনীয়তার,গোপানীয়তার,গোপনীয়তার
giant,জায়ান্ট,গিয়ান্ট,জায়ান্ট
shenoy,শেনোয়,শেনয়,শেনোয়
raga,রাগ,রাগা,রাগ
sportiyaar,স্পোর্টিয়ার,স্পোর্িয়ার,স্পোর্টিয়ার
falato,ফলতঃ,ফালাতো,ফলতঃ
matthev,ম্যাথু,ম্যাথভেভ,ম্যাথু
byatikramer,ব্যতিক্রমের,ব্যাতিক্রমের,ব্যতিক্রমের
aropito,আরোপিত,অরোপিত,আরোপিত
dokaanpaat,দোকানপাট,দোকানপাত,দোকানপাট
shabdabaaji,শব্দবাজি,শব্দাবাজী,শব্দবাজি
bharatpur,ভারতপুর,ভারতপুরের,ভারতপুর
nadite,নদীতে,নাদিতে,নদীতে
gushtheer,গুষ্ঠীর,গুষ্ঠির,গুষ্ঠীর
aventura,এভেনটুরা,আভেন্টুরা,এভেনটুরা
haalnagad,হালনাগাদ,হালনাগড,হালনাগাদ
labanaktota,লবণাক্ততা,লববাক্ততা,লবণাক্ততা
danasah,ডনসহ,দানাসহ,ডনসহ
vishnur,বিষ্ণুর,বিশ্নুর,বিষ্ণুর
nanii,নানী,নানি,নানী
bhabun,ভাবুন,ভবুন,ভাবুন
mitroke,মিত্রকে,মিত্রোকে,মিত্রকে
vajohari,ভজহরি,বাজোহারী,ভজহরি
shahjahanpur,শাহাজাহানপুর,শাহজহানপুর,শাহাজাহানপুর
waden,ওয়ার্ডেন,ওয়াদেন,ওয়ার্ডেন
vernon,ভর্ণন,ভেরনন,ভর্ণন
seekkhamulok,শিক্ষামূলক,শিক্ষাূললক,শিক্ষামূলক
chaudhari,চৌধরী,চৌধরাী,চৌধরী
ekdala,একডালা,একদালা,একডালা
egonor,এগোনোর,ইগনর,এগোনোর
swiperer,সুইপারের,স্বিপেরের,সুইপারের
grove,গ্রোভ,গ্রোভে,গ্রোভ
kitex,কিটেক্স,কাইটেক্স,কিটেক্স
esechilo,এসেছিলো,এসেছিল,এসেছিলো
dokankey,দোকানকে,ডোকানকে,দোকানকে
dharake,ধারাকে,ধরাকে,ধারাকে
notesh,নোটস,নোটেশ,নোটস
molly,মলি,মললি,মলি
vittitey,ভিত্তিতে,ভিট্টিতে,ভিত্তিতে
putrabadhoo,পুত্রবধূ,পুত্রবাূ,পুত্রবধূ
ananyo,অনন্য,অনান্য,অনন্য
inshtitution,ইনস্টিটিউশন,ইনস্টিটুশন,ইনস্টিটিউশন
petero,পিটারও,পেটের,পিটারও
pitaar,পিটার,পিতার,পিটার
pasco,পাসকো,পাস্কো,পাসকো
jounata,যৌনতা,জৌনাটা,যৌনতা
gosthigoto,গোষ্ঠীগত,গোষ্ঠিগত,গোষ্ঠীগত
sthalabandara,স্থলবন্দর,স্থালাবন্দরা,স্থলবন্দর
hathah,হঠাৎ,হাথাহ,হঠাৎ
deqa,দেকা,ডিকে,দেকা
ektana,একটানা,একতানা,একটানা
abosar,অবসর,অবসার,অবসর
adminishtration,অ্যাডমিনিস্ট্রেশন,অ্যাডিমিনিট্রেশন,অ্যাডমিনিস্ট্রেশন
bhittitey,ভিত্তিতে,ভিট্টিতে,ভিত্তিতে
obheenetader,অভিনেতাদের,ওভিনেতাদের,অভিনেতাদের
gheta,ঘাট,ঘেট,ঘাট
crosse,ক্রসে,ক্রোসে,ক্রসে
grapevine,গ্রাপেভিনে,গ্রাপেভিই,গ্রাপেভিনে
godaa,গোড়া,গোডা,গোড়া
sqeem,স্কিম,সিকিএম,স্কিম
matheran,মাথেরান,ম্যাথেরান,মাথেরান
khamotasin,ক্ষমতাসীন,ক্ষমতাসিন,ক্ষমতাসীন
world,ওয়ার্ল্ড,ওয়ার্লড,ওয়ার্ল্ড
nag,নাগ,নযগ,নাগ
shabashkripashhana,সাবস্ক্রিপশন,শবশক্রিশন,সাবস্ক্রিপশন
highcommissioner,হাইকমিশনার,হাইকমমিশনের,হাইকমিশনার
shaaraahoke,সারাহকে,শারাহকে,সারাহকে
petam,পেতাম,পেটাম,পেতাম
baastabaayaner,বাস্তবায়নের,বস্তবায়নের,বাস্তবায়নের
yuddhajeebeer,যুদ্ধজীবীর,যুদ্ধাজীবীর,যুদ্ধজীবীর
kokuyo,কোকুয়ো,কোকিয়ো,কোকুয়ো
triparn,ত্রিপর্ণ,ত্রিপার্ন,ত্রিপর্ণ
swarthoke,স্বার্থকে,স্বার্থথেকে,স্বার্থকে
urbana,আরবানা,উরবানা,আরবানা
rodreegej,রদ্রিগেজ,রড্রিজেজ,রদ্রিগেজ
lokaraa,লোকরা,লোকারা,লোকরা
mangshee,মংশী,মাংশি,মংশী
albarto,আলবার্তো,অ্যালবার্টো,আলবার্তো
pope,পোপ,পপে,পোপ
ranajit,রণজিৎ,রনাজিৎ,রণজিৎ
wilkinson,উইলকিনসন,উইলিকসনস,উইলকিনসন
prabaalapraacheer,প্রবালপ্রাচীর,প্রবারাপ্রাচীর,প্রবালপ্রাচীর
antonio,আন্তোনিও,অ্যান্টোনিও,আন্তোনিও
saatataay,সাতটায়,সাতাতায়,সাতটায়
clinton,ক্লিনটন,ক্লিন্টন,ক্লিনটন
motamotke,মতামতকে,মোটামোটকে,মতামতকে
rajbondider,রাজবন্দীদের,রাজবন্দিদের,রাজবন্দীদের
khomotasin,ক্ষমতাসীন,ক্ষমতাসিন,ক্ষমতাসীন
paradee,প্যারেড,পারাড়,প্যারেড
phaarm,ফর্ম,ফার্ম,ফর্ম
chittakarsak,চিত্তাকর্ষক,চিত্তাকর্সক,চিত্তাকর্ষক
pareekkhaay,পরীক্ষায়,পরিক্ষায়,পরীক্ষায়
bishaashti,বিশ্বাসটি,বিষাটটি,বিশ্বাসটি
tomar,তোমার,টোমার,তোমার
amanajogeetaar,অমনযোগীতার,আমানযোগীতার,অমনযোগীতার
vishwakarma,বিশ্বকর্মা,বিশ্বকর্ম,বিশ্বকর্মা
mahinda,মাহিন্দা,মহিন্দা,মাহিন্দা
durgotsaber,দুর্গোৎসবের,দুর্গৎসবের,দুর্গোৎসবের
kaafer,কাফের,কাফার,কাফের
dastaana,দস্তানা,দাস্তানা,দস্তানা
koonj,কুঁজ,কুনজ,কুঁজ
otitke,অতীতকে,অতিতকে,অতীতকে
boar,বোর্,বোয়ার,বোর্
lettars,লেটারস,লেটার্স,লেটারস
shushi,সুসি,শুশী,সুসি
taay,তায়,টায়ে,তায়
kashtokor,কষ্টকর,কাষ্টকর,কষ্টকর
susanbaddha,সুসংবদ্ধ,সুসনবদ্ধ,সুসংবদ্ধ
shobhaazatraay,শোভাযাত্রায়,শোভাজাত্রায়,শোভাযাত্রায়
gandhinagar,গান্ধিনগর,গান্ধিনগরের,গান্ধিনগর
juned,জুনেদ,জুনেড,জুনেদ
robles,রোব্লেস,রবলস,রোব্লেস
diyaaraate,দিয়ারাতে,দিয়ারাটে,দিয়ারাতে
gitikabi,গীতিকবি,গীতিকাবি,গীতিকবি
maruti,মারুতি,মারুটি,মারুতি
bolokaan,বলকান,বোলোকান,বলকান
horasher,হোরাসের,হরাশের,হোরাসের
projanmo,প্রজন্ম,প্রজান্ম,প্রজন্ম
shoronika,স্মরণিকা,শরণিকা,স্মরণিকা
sanshodhanakaareeder,সংশোধনকারীদের,সন্োধনকারীদের,সংশোধনকারীদের
kaaranao,কারণও,কারানাও,কারণও
biniyogakaaree,বিনিয়োগকারী,বিনিযোগাকারী,বিনিয়োগকারী
hassan,হাস্সান,হাসান,হাস্সান
niraananda,নিরানন্দ,নিরানন্দা,নিরানন্দ
jagtap,জগ্তাপ,জগতাপ,জগ্তাপ
bareilly,বরেলি,ব্যারেলি,বরেলি
chaalachheelo,চালাচ্ছিল,চালাছিল,চালাচ্ছিল
durghatanaaguloke,দুর্ঘটনাগুলোকে,দূর্ঘটাগাুকোল,দুর্ঘটনাগুলোকে
granthatite,গ্রন্থটিতে,গ্র্যান্থাটিতে,গ্রন্থটিতে
nyaashanaleo,ন্যাশনালেও,ন্যাশানালেও,ন্যাশনালেও
bisesagya,বিষেশজ্ঞ,বিসেসজ্ঞা,বিষেশজ্ঞ
aabeshabihblwal,আবেশবিহ্বল,আবেশাবিশ্বল্যাল,আবেশবিহ্বল
parthii,পার্থী,পার্থি,পার্থী
ektanaa,একটানা,একতানা,একটানা
hoibar,হইবার,হৈবার,হইবার
bidyutaayan,বিদ্যুতায়ন,বিদ্যুতায়ান,বিদ্যুতায়ন
aleeraj,আলীরাজ,আলিরাজ,আলীরাজ
centro,সেন্ট্রো,সেন্ট্রোর,সেন্ট্রো
dattak,দত্তক,ডাট্টাক,দত্তক
primer,প্রাইমার,প্রাইমের,প্রাইমার
porissrome,পরিশ্রমে,পরিস্রমে,পরিশ্রমে
udbignota,উদ্বিগ্নতা,উদবিজ্ঞনা,উদ্বিগ্নতা
blagaarader,ব্লগারদের,ব্ল্গারাডের,ব্লগারদের
praanahaanir,প্রাণহানির,প্রাণাহনির,প্রাণহানির
doshbachhor,দশবছর,দশবাচ্চর,দশবছর
bongoposagor,বঙ্গোপসাগর,বঙ্গোসাগোর,বঙ্গোপসাগর
agartala,আগরতলা,আগারতলা,আগরতলা
rabibaarer,রবিবারের,রাবিবারের,রবিবারের
theng,ঠ্যাং,থিং,ঠ্যাং
drake,ড্রেক,দ্রাকে,ড্রেক
beaverton,বেঅভীর্তন,বিভার্টন,বেঅভীর্তন
essel,এস্সেল,এসেল,এস্সেল
manasikata,মানসিকতা,মানাসিকতা,মানসিকতা
damee,ডামি,ডামী,ডামি
bhaasar,ভাষার,ভাসার,ভাষার
baakyapatu,বাক্যপটু,বাক্যপাতু,বাক্যপটু
siramik,সিরামিক,শিরামিক,সিরামিক
jitatei,জিততেই,জিতাতেই,জিততেই
janiyechhi,জানিয়েছি,জািয়েছি,জানিয়েছি
laalasaa,লালসা,লাসাসা,লালসা
prasraaber,প্রস্রাবের,প্রসররাবের,প্রস্রাবের
totsonglogno,তৎসংলগ্ন,টৎসংলগ্ন,তৎসংলগ্ন
torentote,টরেন্টোতে,টোরেন্টতে,টরেন্টোতে
databaj,ডাটাবেজ,দাতাবাজ,ডাটাবেজ
zong,জং,জোং,জং
societi,সোসাইটি,সোসিয়ি,সোসাইটি
paoli,পাওলি,পাওলী,পাওলি
pikaso,পিকাসো,পিকাশো,পিকাসো
hilton,হিল্টন,হিলটন,হিল্টন
lawer,লোয়ার,লাভের,লোয়ার
liberal,লিবারাল,লাইবারাল,লিবারাল
maastarpiish,মাস্টারপিস,মাস্তারপিশিস,মাস্টারপিস
delivery,ডেলিভারী,ডেলিভারি,ডেলিভারী
avizuktake,অভিযুক্তকে,আভিযুক্তাকে,অভিযুক্তকে
prapak,প্রাপক,প্রপাক,প্রাপক
rishiraj,রিষিরাজ,রিশিরাজ,রিষিরাজ
omorotto,অমরত্ব,অরমত্ব,অমরত্ব
holdings,হোল্ডিংস,হল্ডিংস,হোল্ডিংস
protipado,প্রতিপদ,প্রতিপাদ,প্রতিপদ
nimnarupah,নিম্নরূপঃ,নিম্নারূপাহ,নিম্নরূপঃ
madrasagulo,মাদ্রাসাগুলো,মাদ্রাসগগুলো,মাদ্রাসাগুলো
panjika,পঞ্জিকা,পাঞ্জিকা,পঞ্জিকা
haariyechila,হারিয়েছিল,হারিয়েছিলা,হারিয়েছিল
oslil,অশ্লীল,ওসলিল,অশ্লীল
shishushilpeeder,শিশুশিল্পীদের,শিশুশিলদীদের,শিশুশিল্পীদের
solis,সোলিস,সলিস,সোলিস
onto,অন্তু,অন্টো,অন্তু
pepasii,পেপসি,পেপাসি,পেপসি
mausumey,মৌসুমে,মওসুমে,মৌসুমে
maaraoyaaraar,মারওয়ারার,মারাওয়ার,মারওয়ারার
riform,রিফর্ম,রাইফর্ম,রিফর্ম
paanchabaarer,পাঁচবারের,পঞ্চবারের,পাঁচবারের
bishari,বিরাশি,বিষারী,বিরাশি
dokanke,দোকানকে,ডোকানকে,দোকানকে
poostmaster,পোস্টমাস্টার,পুস্টমাস্টার,পোস্টমাস্টার
pudukkottai,পুদুক্কোটাই,পুুুক্তটাই,পুদুক্কোটাই
shri,শ্রী,শররি,শ্রী
srichakra,শ্রীচক্র,শ্রীচাকরা,শ্রীচক্র
bengalao,বেঙ্গলও,বেঙ্গালাও,বেঙ্গলও
jadhav,যাদব,যাধব,যাদব
alindo,অলিন্দ,অলিন্দো,অলিন্দ
arketekcharal,আর্কিটেকচারাল,আরকেটেকচরলাল,আর্কিটেকচারাল
dinvor,দিনভর,দিনভোর,দিনভর
koordi,কুর্দি,কুর্ডি,কুর্দি
barshapanjikaake,বর্ষপঞ্জিকাকে,বারসাপঞ্জিকাকে,বর্ষপঞ্জিকাকে
paatholoji,প্যাথলজি,পাথলজি,প্যাথলজি
protipada,প্রতিপদ,প্রতিপাড়া,প্রতিপদ
songasthan,সংস্থান,সঙ্গাস্থান,সংস্থান
fuds,ফুডস,ফাউস,ফুডস
bannar,ব্যানার,বান্নার,ব্যানার
